PDatTime;BASET;CO2;CO2_pressure
Value;Value;Value;Value
Unit;Unit;Unit;Unit

21.03.2022  10:44:52;0.013359003341641536;1.2775854626111192;1.058
