PDatTime;BASET;CO2;CO2_pressure
Value;Value;Value;Value
Unit;Unit;Unit;Unit

12.04.2022  22:13:53;0.013359003341641536;1.2775854626111198;1.058
